<?xml version="1.0" encoding="UTF-8"?>
<project-private xmlns="http://www.netbeans.org/ns/project-private/1">
    <editor-bookmarks xmlns="http://www.netbeans.org/ns/editor-bookmarks/2" lastBookmarkId="0"/>
    <open-files xmlns="http://www.netbeans.org/ns/projectui-open-files/2">
        <group>
            <file>file:/D:/New%20Folder/java%20project/Library%20Management%20System/src/library/management/system/login.java</file>
            <file>file:/D:/New%20Folder/java%20project/Library%20Management%20System/src/library/management/system/StudentRegistration.java</file>
            <file>file:/D:/New%20Folder/java%20project/Library%20Management%20System/src/library/management/system/AddBook.java</file>
            <file>file:/D:/New%20Folder/java%20project/Library%20Management%20System/src/library/management/system/Loading2.java</file>
            <file>file:/D:/New%20Folder/java%20project/Library%20Management%20System/src/library/management/system/Home.java</file>
            <file>file:/D:/New%20Folder/java%20project/Library%20Management%20System/src/library/management/system/IssueBook.java</file>
        </group>
    </open-files>
</project-private>
